sp,status_code,journey_stage
SP_ALPHA,RX_RCVD,referral_received
SP_ALPHA,BV_DONE,benefit_verification
SP_ALPHA,PA_PEND,pa_pending
SP_ALPHA,PA_APPR,pa_approved
SP_ALPHA,PA_DENY,pa_denied
SP_ALPHA,FILL_1,first_fill
SP_ALPHA,FILL_RPT,refill
SP_ALPHA,ABD,abandoned
SP_BRAVO,NEW_REFERRAL,referral_received
SP_BRAVO,BENEFITS_VERIFIED,benefit_verification
SP_BRAVO,PRIOR_AUTH_SUBMITTED,pa_pending
SP_BRAVO,PRIOR_AUTH_APPROVED,pa_approved
SP_BRAVO,PRIOR_AUTH_DENIED,pa_denied
SP_BRAVO,DISPENSED_INITIAL,first_fill
SP_BRAVO,DISPENSED_REFILL,refill
SP_BRAVO,PATIENT_WITHDREW,abandoned
SP_CHARLIE,01_INTAKE,referral_received
SP_CHARLIE,02_BV,benefit_verification
SP_CHARLIE,03_PA_SUBMITTED,pa_pending
SP_CHARLIE,04_PA_APPROVED,pa_approved
SP_CHARLIE,04_PA_REJECTED,pa_denied
SP_CHARLIE,05_FIRST_DISP,first_fill
SP_CHARLIE,06_REFILL_DISP,refill
SP_CHARLIE,99_LOST,abandoned
